op_nr,time
0,37408
1,26185
2,23479
3,29411
4,23557
5,21560
6,17376
7,24680
8,48532
9,20717
10,17321
11,51101
12,45462
13,47483
14,36247
15,51060
16,49214
17,45346
18,48883
19,43104
20,19959
21,50629
22,45387
23,48287
24,92344
25,86138
26,34763
27,64765
28,46771
29,62267
30,46837
31,29154
32,23205
33,19036
34,18806
35,51030
36,46686
37,29490
38,29240
39,46762
40,40316
41,66581
42,79266
43,68522
44,65512
45,30639
46,49635
47,63355
48,42418
49,46280
50,38550
51,38806
52,55349
53,70137
54,29185
55,48522
56,50594
57,98539
58,62673
59,32350
60,36608
61,28829
62,34953
63,73473
64,73267
65,33122
66,50193
67,38389
68,46802
69,24680
70,50990
71,56096
72,94029
73,45011
74,44022
75,56954
76,52259
77,35169
78,33890
79,37863
80,51361
81,56147
82,53885
83,29731
84,52309
85,51446
86,61148
87,52675
88,56860
89,52289
90,39608
91,53829
92,36870
93,38840
94,35952
95,40145
96,54161
97,54025
98,31672
99,56252
100,55455
101,59071
102,40676
103,56437
104,31567
105,37782
106,34652
107,56327
108,40847
109,43446
110,57406
111,40049
112,41193
113,58288
114,33358
115,39593
116,74391
117,54507
118,45011
119,50799
120,52897
121,52178
122,47203
123,61585
124,67468
125,94255
126,112028
127,83515
128,52685
129,46260
130,42127
131,46541
132,54166
133,85161
134,59879
135,43381
136,59152
137,50745
138,39994
139,50754
140,61284
141,61560
142,37612
143,61384
144,58525
145,63365
146,45221
147,45216
148,60415
149,37702
150,45869
151,48457
152,70573
153,68948
154,48086
155,66681
156,46230
157,66440
158,63977
159,66425
160,69139
161,44093
162,66159
163,51748
164,39603
165,65121
166,65187
167,47137
168,55124
169,65367
170,71056
171,51432
172,44429
173,68692
174,48527
175,66892
176,68697
177,46029
178,39397
179,51341
180,46019
181,73162
182,67478
183,74411
184,68828
185,72289
186,47002
187,42879
188,91667
189,54677
190,61319
191,65472
192,62924
193,50338
194,100445
195,102618
196,103194
197,69114
198,85768
199,95645
200,64188
201,90935
202,80290
203,46886
204,73418
205,72791
206,52490
207,43711
208,42588
209,72198
210,73187
211,56603
212,73152
213,76949
214,72881
215,59167
216,73388
217,80180
218,93247
219,73323
220,80556
221,75930
222,74411
223,49079
224,73925
225,77827
226,74697
227,53930
228,74080
229,76944
230,80255
231,52565
232,82638
233,76613
234,55404
235,47840
236,47489
237,77019
238,78233
239,62362
240,62457
241,82602
242,78991
243,77160
244,52290
245,79939
246,77416
247,55565
248,99447
249,71432
250,76909
251,51858
252,80375
253,80510
254,126244
255,126098
256,178624
257,102993
258,115724
259,99974
260,111757
261,167778
262,78825
263,63485
264,83209
265,80340
266,82317
267,59262
268,82091
269,71396
270,67303
271,56794
272,80691
273,81830
274,57641
275,81173
276,112625
277,60481
278,83761
279,89751
280,83495
281,56588
282,83224
283,90753
284,58931
285,85602
286,58304
287,83300
288,59322
289,83746
290,73554
291,97661
292,57642
293,86475
294,63847
295,84740
296,87173
297,63726
298,60712
299,85557
300,85506
301,86676
302,87524
303,71105
304,64233
305,68040
306,86540
307,88361
308,72866
309,94968
310,95645
311,87855
312,81192
313,91070
314,92083
315,100696
316,93814
317,80575
318,150728
319,151500
320,113502
321,94405
322,89655
323,141152
324,130748
325,155328
326,102998
327,100165
328,116357
329,97796
330,91215
331,89956
332,90061
333,63200
334,90227
335,62964
336,90488
337,94943
338,92826
339,78148
340,92820
341,63842
342,93794
343,92244
344,68051
345,75244
346,74802
347,63473
348,54083
349,73017
350,75304
351,77960
352,75861
353,77046
354,63389
355,57892
356,75649
357,76753
358,77089
359,77595
360,59509
361,52673
362,62038
363,57791
364,90642
365,91755
366,71788
367,59625
368,50771
369,63474
370,51085
371,71333
372,74310
373,71388
374,84826
375,73380
376,88527
377,47774
378,47123
379,46879
380,58259
381,93787
382,128118
383,69097
384,136578
385,81767
386,103816
387,113270
388,100692
389,82544
390,95298
391,63074
392,55964
393,46932
394,80409
395,51071
396,83602
397,73997
398,66799
399,54720
400,67453
401,92758
402,59487
403,51243
404,70872
405,71913
406,46837
407,76521
408,43475
409,46507
410,69043
411,70660
412,56110
413,71362
414,53708
415,51214
416,57581
417,68100
418,67966
419,73438
420,82152
421,53035
422,87403
423,67285
424,66307
425,45598
426,68081
427,72138
428,68890
429,54166
430,56879
431,64371
432,43834
433,63965
434,68101
435,43355
436,53395
437,65151
438,108600
439,66546
440,75432
441,57067
442,132399
443,73621
444,109341
445,98173
446,72550
447,42262
448,74311
449,40898
450,63463
451,80751
452,73781
453,63044
454,47556
455,72682
456,61292
457,68447
458,108471
459,114897
460,97109
461,149539
462,95715
463,83434
464,76307
465,119522
466,108874
467,101747
468,85386
469,105174
470,123331
471,115559
472,110483
473,115243
474,72600
475,123686
476,117230
477,93774
478,115375
479,127703
480,103634
481,83781
482,113663
483,107910
484,108948
485,124203
486,115213
487,108442
488,129629
489,142827
490,111181
491,132128
492,119566
493,103936
494,84739
495,81996
496,122224
497,147199
498,128335
499,110368
500,123570
501,116387
502,80982
503,67015
504,286989
505,249568
506,221167
507,198929
508,185711
509,121578
510,107042
511,137861
512,102085
513,84895
514,126471
515,89946
516,93563
517,84609
518,143901
519,90262
520,84750
521,115153
522,130934
523,98484
524,147152
525,114404
526,91050
527,85748
528,139358
529,125025
530,131440
531,127969
532,114445
533,129840
534,88713
535,157380
536,139116
537,120430
538,123751
539,123580
540,149980
541,124814
542,151151
543,125309
544,121809
545,105236
546,111476
547,125602
548,138809
549,161701
550,130859
551,126529
552,179478
553,301126
554,300713
555,342007
556,263273
557,226268
558,239952
559,222676
560,244090
561,260765
562,135032
563,123801
564,141739
565,126470
566,117586
567,128220
568,124965
569,123450
570,128155
571,127006
572,125772
573,126986
574,129996
575,116161
576,129459
577,126951
578,134174
579,128697
580,127659
581,134330
582,125140
583,129730
584,129740
585,124207
586,130593
587,141248
588,140756
589,128917
590,126259
591,126029
592,127497
593,133161
594,134300
595,137520
596,132123
597,128907
598,137244
599,149424
600,162441
601,162918
602,143952
603,142511
604,132479
605,155764
606,156678
607,160038
608,162461
609,192092
610,163746
611,174174
612,158333
613,270074
614,687034
615,478334
616,396951
617,563881
618,272497
619,213506
620,366266
621,135424
622,188008
623,246754
624,174274
625,198949
626,181047
627,169659
628,127683
629,161814
630,176647
631,142301
632,120616
633,137044
634,109374
635,120716
636,145522
637,142822
638,128190
639,119502
640,121900
641,137490
642,118679
643,171911
644,150026
645,134164
646,134752
647,152444
648,160450
649,152609
650,161323
651,148701
652,151460
653,119888
654,117796
655,118373
656,151440
657,196240
658,180123
659,330766
660,222400
661,220369
662,1189431
663,493890
664,620038
665,458450
666,286568
667,162406
668,169474
669,189384
670,316420
671,157294
672,160058
673,146584
674,141207
675,141373
676,149399
677,146655
678,147021
679,127061
680,141142
681,126716
682,128787
683,154596
684,126309
685,125290
686,142270
687,165441
688,140374
689,160876
690,258618
691,144007
692,246664
693,198929
694,228580
695,255302
696,200369
697,164071
698,192548
699,155589
700,177334
701,163364
702,136417
703,172689
704,196572
705,178749
706,221342
707,180168
708,232578
709,164748
710,158238
711,220649
712,472816
713,525687
714,498043
715,592449
716,488387
717,360587
718,241878
719,304139
720,243077
721,191049
722,174560
723,166464
724,143088
725,140796
726,142823
727,144995
728,161849
729,148721
730,186433
731,144432
732,175242
733,161162
734,192207
735,170573
736,186679
737,198513
738,149309
739,176642
740,150066
741,183575
742,192834
743,191299
744,161523
745,175428
746,197485
747,179471
748,198688
749,164813
750,188029
751,192042
752,333229
753,245826
754,228972
755,199843
756,232368
757,485286
758,393499
759,392806
760,367089
761,219431
762,221558
763,203865
764,194936
765,174445
766,184076
767,203705
768,176321
769,190592
770,189830
771,226503
772,182099
773,193422
774,192042
775,184908
776,200770
777,180870
778,196938
779,190457
780,189800
781,184889
782,183163
783,186835
784,221016
785,170041
786,201272
787,187838
788,208375
789,191375
790,188741
791,189308
792,200550
793,183990
794,179511
795,218166
796,178303
797,181919
798,197228
799,184357
800,226253
801,238081
802,236360
803,229397
804,240273
805,546569
806,481338
807,448718
808,403271
809,387139
810,226724
811,211941
812,218307
813,189674
814,213637
815,178639
816,167633
817,165426
818,169333
819,166083
820,257223
821,223243
822,185104
823,197268
824,170326
825,196918
826,199552
827,176155
828,204131
829,201548
830,197971
831,201041
832,169935
833,210316
834,201969
835,190777
836,203303
837,172940
838,185421
839,204934
840,188590
841,203163
842,177791
843,194691
844,204076
845,206258
846,208781
847,227632
848,235523
849,243057
850,288469
851,237243
852,203098
853,230436
854,392149
855,476247
856,427143
857,425809
858,243800
859,196426
860,233782
861,198689
862,197836
863,203689
864,182887
865,198287
866,198131
867,200168
868,198974
869,224552
870,203183
871,200354
872,200343
873,186995
874,209548
875,204322
876,187441
877,211229
878,205706
879,207291
880,193276
881,205460
882,210973
883,210567
884,213416
885,192433
886,207386
887,209197
888,211088
889,202100
890,195659
891,216190
892,197434
893,199114
894,215663
895,226242
896,215032
897,200429
898,215754
899,216456
900,341812
901,288574
902,217891
903,219490
904,744781
905,490835
906,501268
907,530287
908,436603
909,393037
910,227201
911,237745
912,267220
913,298316
914,230536
915,243504
916,251213
917,244471
918,245365
919,244336
920,242159
921,209027
922,203870
923,205390
924,209483
925,202761
926,202912
927,218698
928,205134
929,205445
930,206654
931,204778
932,205150
933,229629
934,395295
935,271118
936,262018
937,273400
938,246653
939,263724
940,263258
941,254900
942,227150
943,258301
944,271981
945,258036
946,259079
947,245029
948,303231
949,341746
950,303287
951,271916
952,252156
953,308845
954,642460
955,522462
956,570467
957,532183
958,405719
959,317569
960,294363
961,273104
962,274504
963,266663
964,238934
965,267205
966,287671
967,267587
968,268022
969,306256
970,272051
971,270672
972,259129
973,279330
974,270983
975,275467
976,277303
977,248063
978,271529
979,243398
980,271876
981,256530
982,260127
983,234725
984,258206
985,232192
986,261638
987,271063
988,287179
989,265761
990,269929
991,265274
992,325659
993,295672
994,282400
995,362333
996,345002
997,343738
998,704346
999,530603
1000,523450
1001,515118
1002,322028
1003,264436
1004,312377
1005,295397
1006,301100
1007,261442
1008,258287
1009,285841
1010,288986
1011,292642
1012,295948
1013,290997
1014,303603
1015,274193
1016,292763
1017,294263
1018,271464
1019,295010
1020,305394
1021,307079
1022,305464
1023,321601
1024,310054
1025,294393
1026,301968
1027,302394
1028,272036
1029,321169
1030,275859
1031,319795
1032,300904
1033,274735
1034,344636
1035,278457
1036,281973
1037,372646
1038,362062
1039,332863
1040,368965
1041,472144
1042,610532
1043,557385
1044,607141
1045,422292
1046,295286
1047,349983
1048,332918
1049,304135
1050,306232
1051,293008
1052,317272
1053,284696
1054,276335
1055,272387
1056,369030
1057,288454
1058,326989
1059,317869
1060,345127
1061,318496
1062,330601
1063,358401
1064,291263
1065,323769
1066,297192
1067,322198
1068,316650
1069,331473
1070,313596
1071,363507
1072,307300
1073,294302
1074,327500
1075,324707
1076,322604
1077,321957
1078,342725
1079,444349
1080,381771
1081,350570
1082,350600
1083,549730
1084,651881
1085,622531
1086,642465
1087,590532
1088,381279
1089,399509
1090,344646
1091,303111
1092,301853
1093,299329
1094,299013
1095,461780
1096,326227
1097,418740
1098,384595
1099,312522
1100,381018
1101,334829
1102,374918
1103,343788
1104,338943
1105,336675
1106,335522
1107,340162
1108,306327
1109,342750
1110,315346
1111,323302
1112,485502
1113,379223
1114,319550
1115,322464
1116,469731
1117,370048
1118,333194
1119,353625
1120,350424
1121,382859
1122,397974
1123,673159
1124,616778
1125,598096
1126,654138
1127,399885
1128,329527
1129,395199
1130,354909
1131,349371
1132,341260
1133,370821
1134,352808
1135,336304
1136,355446
1137,348057
1138,382895
1139,374307
1140,361952
1141,356052
1142,360487
1143,356971
1144,374833
1145,329246
1146,323562
1147,334960
1148,354342
1149,354127
1150,327932
1151,355320
1152,329326
1153,339319
1154,358024
1155,375466
1156,363707
1157,425367
1158,440351
1159,430534
1160,452611
1161,410719
1162,754187
1163,667727
1164,696987
1165,456267
1166,359785
1167,423837
1168,380221
1169,350034
1170,372360
1171,360482
1172,338777
1173,351217
1174,337031
1175,352406
1176,360968
1177,385699
1178,342439
1179,401761
1180,368172
1181,360291
1182,381084
1183,391212
1184,348263
1185,379940
1186,384013
1187,386682
1188,384480
1189,382288
1190,387992
1191,406496
1192,383326
1193,369792
1194,417261
1195,386125
1196,354714
1197,355135
1198,395174
1199,407650
1200,445428
1201,395054
1202,739489
1203,628525
1204,660423
1205,592243
1206,397321
1207,440220
1208,411994
1209,425869
1210,381435
1211,401204
1212,398665
1213,395119
1214,396303
1215,368648
1216,409440
1217,367073
1218,434542
1219,408859
1220,396780
1221,371803
1222,423236
1223,380016
1224,394874
1225,409877
1226,405482
1227,375711
1228,487709
1229,436242
1230,440787
1231,398757
1232,425121
1233,410851
1234,414487
1235,411708
1236,476743
1237,451828
1238,464373
1239,418821
1240,403346
1241,506540
1242,796675
1243,702756
1244,750315
1245,446049
1246,440295
1247,439869
1248,425347
1249,424088
1250,437667
1251,417547
1252,445739
1253,402523
1254,401224
1255,393936
1256,537746
1257,447830
1258,435214
1259,407113
1260,415345
1261,428237
1262,429450
1263,413068
1264,548114
1265,449997
1266,416749
1267,412867
1268,463250
1269,438485
1270,417246
1271,425358
1272,462312
1273,460316
1274,440883
1275,432961
1276,480661
1277,509214
1278,473935
1279,797156
1280,751805
1281,776484
1282,474963
1283,480255
1284,475088
1285,426095
1286,447469
1287,412119
1288,550001
1289,485161
1290,437502
1291,434497
1292,442478
1293,446531
1294,501729
1295,456895
1296,475073
1297,452540
1298,389461
1299,434727
1300,383903
1301,498665
1302,403436
1303,463189
1304,460611
1305,457190
1306,450363
1307,450198
1308,450519
1309,431953
1310,424289
1311,556266
1312,535634
1313,503149
1314,809521
1315,712261
1316,690631
1317,645179
1318,558027
1319,487283
1320,435199
1321,449851
1322,425683
1323,445157
1324,417617
1325,562105
1326,482919
1327,462306
1328,434728
1329,476006
1330,465192
1331,445572
1332,458745
1333,504684
1334,505321
1335,505652
1336,491085
1337,528666
1338,518935
1339,557154
1340,495610
1341,505096
1342,438036
1343,445960
1344,456429
1345,495159
1346,528040
1347,436475
1348,494485
1349,1414304
1350,810423
1351,649519
1352,420441
1353,372912
1354,376491
1355,456944
1356,370962
1357,353545
1358,426332
1359,391083
1360,426741
1361,417122
1362,413170
1363,383025
1364,382854
1365,414148
1366,394623
1367,409380
1368,406344
1369,410610
1370,400428
1371,533665
1372,527620
1373,370279
1374,445658
1375,453063
1376,486844
1377,446657
1378,492600
1379,444489
1380,442219
1381,428463
1382,505253
1383,441590
1384,486249
1385,553443
1386,569419
1387,581864
1388,544769
1389,1553104
1390,836403
1391,866892
1392,814607
1393,457186
1394,498825
1395,434513
1396,411091
1397,395591
1398,424472
1399,428575
1400,426991
1401,400336
1402,420076
1403,439508
1404,437778
1405,424411
1406,440811
1407,456012
1408,444820
1409,456659
1410,442537
1411,420408
1412,414116
1413,423137
1414,430346
1415,409041
1416,458576
1417,432794
1418,433476
1419,431070
1420,412392
1421,429668
1422,451589
1423,417642
1424,515810
1425,531150
1426,505142
1427,351672
1428,437084
1429,404971
1430,381974
1431,358501
1432,367624
1433,402224
1434,389151
1435,388005
1436,409726
1437,417568
1438,538434
1439,574205
1440,525567
1441,524659
1442,530749
1443,530302
1444,523229
1445,524920
1446,527243
1447,557476
1448,531165
1449,496423
1450,557551
1451,497911
1452,466073
1453,500915
1454,466230
1455,460259
1456,460656
1457,518167
1458,602169
1459,548950
1460,460688
1461,489000
1462,428316
1463,1310661
1464,751834
1465,776781
1466,741209
1467,509517
1468,569817
1469,460700
1470,440775
1471,437954
1472,457268
1473,457389
1474,442922
1475,452517
1476,483276
1477,472120
1478,457517
1479,429563
1480,437366
1481,448788
1482,441535
1483,440109
1484,438766
1485,464321
1486,486182
1487,440557
1488,430875
1489,386114
1490,420204
1491,429665
1492,430965
1493,412770
1494,415967
1495,433406
1496,412874
1497,475430
1498,476378
1499,417853
1500,568695
1501,548765
1502,564798
1503,485916
1504,405823
1505,417649
1506,469079
1507,398287
1508,379099
1509,389699
1510,369282
1511,384293
1512,387054
1513,374266
1514,340247
1515,320232
1516,330723
1517,339060
1518,349391
1519,370228
1520,371515
1521,362847
1522,382049
1523,358551
1524,379913
1525,358470
1526,376637
1527,373083
1528,365706
1529,340904
1530,368666
1531,366800
1532,351455
1533,341328
1534,350972
1535,339650
1536,346169
1537,359582
1538,341948
1539,399559
1540,362920
1541,362897
1542,349921
1543,391125
1544,396428
1545,399265
1546,322552
1547,318045
1548,336350
1549,324252
1550,313348
1551,308846
1552,297443
1553,312524
1554,296567
1555,320535
1556,304326
1557,309531
1558,326381
1559,296280
1560,311711
1561,312917
1562,331381
1563,292321
1564,325034
1565,299632
1566,288011
1567,299652
1568,307751
1569,302865
1570,290892
1571,309086
1572,303382
1573,294816
1574,292435
1575,293873
1576,307738
1577,330799
1578,322979
1579,377191
1580,314528
1581,324245
1582,304080
1583,309139
1584,290601
1585,297475
1586,304362
1587,343211
1588,316374
1589,377076
1590,408786
1591,372939
1592,372571
1593,301108
1594,295471
1595,297429
1596,295372
1597,303009
1598,331121
1599,292463
1600,300441
1601,308414
1602,307733
1603,307600
1604,307859
1605,309716
1606,311823
1607,316704
1608,313992
1609,313920
1610,320666
1611,297567
1612,319351
1613,320036
1614,315517
1615,324714
1616,315486
1617,307111
1618,314189
1619,328806
1620,297028
1621,308658
1622,298866
1623,313973
1624,313790
1625,305157
1626,295387
1627,312420
1628,316965
1629,301974
1630,314436
1631,335545
1632,342660
1633,292673
1634,674109
1635,454856
1636,330547
1637,331445
1638,358140
1639,386376
1640,339764
1641,345184
1642,314920
1643,317156
1644,319296
1645,311524
1646,314512
1647,315669
1648,317466
1649,317312
1650,346602
1651,317822
1652,314015
1653,324620
1654,320626
1655,322994
1656,316864
1657,311551
1658,313041
1659,325346
1660,321568
1661,320861
1662,322634
1663,323929
1664,342210
1665,347741
1666,571309
1667,580273
1668,501967
1669,377647
1670,608888
1671,334951
1672,337729
1673,328864
1674,377333
1675,556102
1676,624819
1677,572880
1678,522389
1679,890391
1680,789706
1681,775438
1682,540061
1683,578437
1684,626070
1685,538624
1686,551373
1687,544933
1688,647380
1689,577500
1690,581104
1691,621899
1692,622044
1693,617920
1694,602802
1695,597585
1696,598287
1697,599330
1698,599998
1699,623941
1700,617721
1701,595884
1702,649162
1703,630216
1704,615337
1705,641317
1706,694595
1707,648364
1708,668529
1709,619175
1710,700543
1711,689803
1712,675849
1713,1187705
1714,1279081
1715,922908
1716,674855
1717,695351
1718,675141
1719,669628
1720,679812
1721,683764
1722,624321
1723,699977
1724,679676
1725,674474
1726,691910
1727,684276
1728,678065
1729,676430
1730,677995
1731,688595
1732,653822
1733,709326
1734,604109
1735,540301
1736,559258
1737,601543
1738,599577
1739,636692
1740,656997
1741,598994
1742,624206
1743,602039
1744,545154
1745,590594
1746,610606
1747,887549
1748,1682757
1749,841077
1750,533202
1751,552333
1752,605550
1753,601743
1754,554240
1755,591997
1756,551932
1757,612268
1758,677153
1759,624959
1760,623700
1761,624558
1762,665375
1763,616927
1764,691248
1765,660870
1766,639566
1767,643227
1768,656531
1769,658818
1770,618819
1771,658387
1772,647712
1773,624452
1774,648535
1775,686914
1776,664386
1777,680638
1778,707872
1779,734824
1780,707541
1781,1211302
1782,1123212
1783,1188804
1784,651399
1785,628615
1786,651811
1787,628269
1788,659440
1789,637008
1790,639289
1791,654299
1792,630527
1793,646730
1794,641236
1795,607617
1796,571856
1797,615036
1798,569013
1799,630025
1800,629704
1801,626429
1802,574335
1803,662871
1804,623193
1805,599676
1806,647126
1807,598699
1808,611832
1809,687180
1810,703348
1811,712527
1812,644075
1813,785619
1814,1074926
1815,1064131
1816,902483
1817,673827
1818,693009
1819,633787
1820,677835
1821,657379
1822,644793
1823,630436
1824,651840
1825,630276
1826,668971
1827,647095
1828,666518
1829,649990
1830,664266
1831,650778
1832,659731
1833,679560
1834,674319
1835,627622
1836,653060
1837,714262
1838,668088
1839,732732
1840,686121
1841,690135
1842,658427
1843,723869
1844,1262432
1845,1240898
1846,645490
1847,690641
1848,682244
1849,727300
1850,655132
1851,643007
1852,655161
1853,675065
1854,674359
1855,711664
1856,655804
1857,642305
1858,685640
1859,668374
1860,652874
1861,642235
1862,691996
1863,685495
1864,708147
1865,676049
1866,643779
1867,704897
1868,663564
1869,688509
1870,697072
1871,719755
1872,1049508
1873,922036
1874,2023372
1875,1738615
1876,986725
1877,1061963
1878,1024899
1879,945231
1880,979476
1881,984573
1882,697152
1883,652909
1884,731805
1885,657098
1886,689468
1887,701581
1888,688785
1889,661287
1890,685600
1891,698632
1892,697137
1893,661226
1894,676110
1895,681065
1896,746873
1897,691489
1898,725660
1899,728319
1900,715201
1901,720146
1902,954149
1903,2083331
1904,1268933
1905,1138727
1906,695562
1907,641186
1908,684060
1909,711729
1910,713124
1911,738833
1912,698863
1913,721711
1914,694689
1915,696942
1916,715356
1917,704712
1918,716068
1919,671945
1920,636375
1921,677860
1922,680589
1923,683804
1924,686548
1925,742344
1926,698938
1927,706132
1928,711018
1929,700127
1930,1150997
1931,1153204
1932,2176392
1933,1618085
1934,1218466
1935,849335
1936,900371
1937,769697
1938,754393
1939,740864
1940,686227
1941,700764
1942,725755
1943,697814
1944,722404
1945,697739
1946,695316
1947,676698
1948,643965
1949,695684
1950,669242
1951,727524
1952,674927
1953,640693
1954,641477
1955,581359
1956,645543
1957,825689
1958,732617
1959,677074
1960,1107943
1961,1036251
1962,1039576
1963,688795
1964,792079
1965,706457
1966,698361
1967,711614
1968,694283
1969,823070
1970,635754
1971,757287
1972,648244
1973,647396
1974,724591
1975,806833
1976,706753
1977,692633
1978,823055
1979,675608
1980,684452
1981,695627
1982,694338
1983,750159
1984,746146
1985,701000
1986,699069
1987,705720
1988,733350
1989,760943
1990,744751
1991,1216961
1992,1238520
1993,967688
1994,712622
1995,711389
1996,742022
1997,716580
1998,708188
1999,706467
2000,711715
2001,720207
2002,754492
2003,742755
2004,713339
2005,710380
2006,748689
2007,750620
2008,725860
2009,713861
2010,725624
2011,724361
2012,735150
2013,719454
2014,717132
2015,712256
2016,721757
2017,746306
2018,735833
2019,714523
2020,740949
2021,827670
2022,820898
2023,1303510
2024,1177874
2025,1216072
2026,724586
2027,723563
2028,721090
2029,724702
2030,734598
2031,721316
2032,775692
2033,770615
2034,763969
2035,688148
2036,692066
2037,676645
2038,736590
2039,742650
2040,757975
2041,729201
2042,745694
2043,790163
2044,761250
2045,773259
2046,738642
2047,745975
2048,728805
2049,780743
2050,814999
2051,832229
2052,821504
2053,816499
2054,1269059
2055,1281429
2056,735070
2057,760442
2058,747731
2059,732020
2060,770620
2061,740383
2062,849711
2063,766918
2064,743853
2065,761265
2066,746051
2067,737784
2068,754141
2069,765925
2070,769541
2071,778435
2072,787680
2073,771037
2074,757413
2075,753444
2076,744822
2077,729979
2078,744862
2079,752627
2080,859498
2081,843657
2082,1098978
2083,1165524
2084,1246581
2085,835991
2086,733154
2087,693746
2088,685785
2089,702625
2090,750550
2091,668560
2092,671113
2093,704993
2094,693912
2095,728453
2096,690516
2097,676786
2098,726593
2099,786341
2100,753279
2101,761134
2102,752652
2103,912610
2104,801375
2105,788398
2106,790208
2107,775546
2108,851281
2109,850830
2110,1186863
2111,1240526
2112,1190274
2113,779845
2114,766090
2115,773289
2116,755421
2117,774382
2118,753365
2119,770866
2120,758742
2121,852370
2122,779745
2123,756956
2124,775752
2125,790153
2126,808121
2127,765614
2128,789822
2129,762339
2130,758285
2131,889621
2132,879232
2133,807525
2134,766296
2135,779590
2136,776489
2137,784726
2138,790354
2139,1358519
2140,1259634
2141,697834
2142,683102
2143,703397
2144,685008
2145,700022
2146,747004
2147,689924
2148,699710
2149,696265
2150,748338
2151,748925
2152,826552
2153,840015
2154,831828
2155,822589
2156,847750
2157,840456
2158,829316
2159,826452
2160,721115
2161,723294
2162,741200
2163,715011
2164,733495
2165,778089
2166,843221
2167,797579
2168,934297
2169,1278153
2170,1325582
2171,774513
2172,829174
2173,717779
2174,773480
2175,784299
2176,766372
2177,782534
2178,765218
2179,765533
2180,774458
2181,765971
2182,765538
2183,779138
2184,771022
2185,768599
2186,776449
2187,680474
2188,778721
2189,771945
2190,805067
2191,825970
2192,776113
2193,783929
2194,771984
2195,753724
2196,839840
2197,854906
2198,1179519
2199,1265794
2200,932429
2201,829767
2202,828422
2203,778105
2204,809281
2205,818716
2206,907614
2207,777783
2208,797196
2209,743462
2210,813373
2211,822503
2212,814858
2213,800984
2214,784304
2215,921619
2216,771323
2217,784124
2218,817041
2219,858810
2220,764360
2221,822639
2222,801175
2223,829561
2224,1366941
2225,1325602
2226,1240266
2227,851813
2228,740407
2229,711218
2230,740633
2231,731408
2232,707771
2233,769311
2234,820742
2235,826200
2236,808282
2237,801996
2238,823878
2239,820733
2240,805995
2241,820000
2242,824154
2243,705865
2244,788398
2245,809411
2246,823161
2247,837683
2248,824560
2249,845718
2250,838550
2251,854101
2252,1323109
2253,1249822
2254,1085208
2255,806411
2256,816910
2257,827560
2258,828312
2259,806968
2260,909304
2261,812466
2262,823396
2263,811086
2264,795325
2265,754578
2266,838460
2267,817281
2268,815411
2269,813920
2270,915163
2271,804049
2272,798942
2273,843180
2274,842558
2275,858645
2276,848262
2277,873323
2278,835204
2279,851778
2280,1410206
2281,1342752
2282,1332800
2283,801802
2284,827976
2285,835866
2286,839162
2287,819558
2288,769737
2289,805513
2290,803898
2291,822744
2292,837491
2293,820195
2294,807379
2295,833770
2296,806456
2297,804961
2298,925944
2299,831537
2300,819202
2301,801219
2302,843546
2303,827233
2304,864840
2305,839699
2306,803777
2307,814377
2308,839463
2309,894241
2310,1401247
2311,1336322
2312,799443
2313,863356
2314,823933
2315,821661
2316,839875
2317,813825
2318,814221
2319,815696
2320,829677
2321,830559
2322,817642
2323,839754
2324,772346
2325,835269
2326,878419
2327,881394
2328,841359
2329,842683
2330,836604
2331,949499
2332,858956
2333,814533
2334,861308
2335,821435
2336,1400123
2337,1405857
2338,1398051
2339,836137
2340,837853
2341,828758
2342,856293
2343,854728
2344,816910
2345,888306
2346,823688
2347,866060
2348,943811
2349,857557
2350,836062
2351,847545
2352,843206
2353,864710
2354,863240
2355,860586
2356,814713
2357,804490
2358,843180
2359,845683
2360,826211
2361,871557
2362,909901
2363,1413918
2364,1377600
2365,1055854
2366,830749
2367,815150
2368,874828
2369,852074
2370,871286
2371,905617
2372,853473
2373,850263
2374,852310
2375,845819
2376,835901
2377,890795
2378,830905
2379,874923
2380,853659
2381,761254
2382,833343
2383,845638
2384,946685
2385,897576
2386,966926
2387,875289
2388,1128369
2389,1330854
2390,1432157
2391,906505
2392,883009
2393,867218
2394,845047
2395,871497
2396,843280
2397,840642
2398,864394
2399,845995
2400,847770
2401,805453
2402,826612
2403,880997
2404,885111
2405,846962
2406,967517
2407,770706
2408,766136
2409,786627
2410,803442
2411,803356
2412,773008
2413,837206
2414,825041
2415,1072142
2416,933006
2417,963299
2418,1506618
2419,1427958
2420,1166818
2421,929495
2422,810570
2423,781079
2424,886887
2425,959466
2426,900034
2427,885151
2428,904714
2429,876318
2430,982522
2431,897004
2432,900927
2433,846832
2434,869320
2435,910728
2436,887443
2437,934205
2438,887394
2439,879743
2440,879473
2441,883370
2442,870404
2443,869816
2444,893488
2445,878339
2446,944864
2447,1502701
2448,1432875
2449,886781
2450,897762
2451,888748
2452,863365
2453,792255
2454,877300
2455,892805
2456,871868
2457,876593
2458,921670
2459,949359
2460,889420
2461,899583
2462,919643
2463,1026700
2464,885352
2465,888316
2466,880706
2467,1042876
2468,906094
2469,881850
2470,897732
2471,828377
2472,958232
2473,1465063
2474,1505214
2475,947754
2476,939196
2477,852540
2478,845643
2479,1055111
2480,923932
2481,937591
2482,903044
2483,917857
2484,892244
2485,912485
2486,908301
2487,906510
2488,905462
2489,1013602
2490,945441
2491,921157
2492,919918
2493,893463
2494,939176
2495,892901
2496,910678
2497,907423
2498,924398
2499,1400449
2500,1259985
2501,1147029
2502,906896
2503,925432
2504,928808
2505,928045
2506,926039
2507,899423
2508,908627
2509,901167
2510,894581
2511,902923
2512,909355
2513,893759
2514,924463
2515,926566
2516,930062
2517,899036
2518,921168
2519,899337
2520,897446
2521,916452
2522,907699
2523,934611
2524,918399
2525,930849
2526,984633
2527,886264
2528,1757827
2529,1463208
2530,919728
2531,1051489
2532,913629
2533,903174
2534,921052
2535,904238
2536,941473
2537,907273
2538,908236
2539,915931
2540,911571
2541,917696
2542,905898
2543,928857
2544,923626
2545,930262
2546,959783
2547,926044
2548,954240
2549,909776
2550,908301
2551,917887
2552,916468
2553,934511
2554,1052116
2555,1049960
2556,1469347
2557,1543247
2558,874772
2559,957887
2560,887915
2561,955674
2562,934205
2563,916427
2564,916137
2565,1012378
2566,961629
2567,934119
2568,970136
2569,1016567
2570,914677
2571,953282
2572,985380
2573,1071826
2574,930463
2575,919954
2576,940380
2577,918052
2578,945601
2579,1014189
2580,1032653
2581,1011359
2582,1417058
2583,1372770
2584,950422
2585,944312
2586,933603
2587,932189
2588,921172
2589,943951
2590,924970
2591,999366
2592,931711
2593,968165
2594,930132
2595,934792
2596,874451
2597,850067
2598,837025
2599,902834
2600,842985
2601,840201
2602,855194
2603,871667
2604,880752
2605,968290
2606,949253
2607,1573927
2608,1566553
2609,942908
2610,939467
2611,930297
2612,1006394
2613,931170
2614,990703
2615,973788
2616,938223
2617,980635
2618,972835
2619,937957
2620,963324
2621,935956
2622,966474
2623,956086
2624,956452
2625,953076
2626,956231
2627,988425
2628,1050727
2629,952865
2630,982497
2631,966314
2632,1717256
2633,1589030
2634,879172
2635,843216
2636,1012940
2637,946690
2638,939678
2639,936883
2640,934184
2641,958097
2642,963129
2643,959873
2644,962953
2645,964362
2646,978122
2647,967031
2648,996907
2649,940690
2650,931697
2651,961864
2652,934837
2653,932003
2654,889485
2655,995864
2656,1075884
2657,999682
2658,1630871
2659,1573320
2660,1074173
2661,931873
2662,957340
2663,936989
2664,933728
2665,847649
2666,950833
2667,952424
2668,935895
2669,945611
2670,954315
2671,976181
2672,963053
2673,956191
2674,868487
2675,883837
2676,887609
2677,870719
2678,906415
2679,871206
2680,852410
2681,875324
2682,850138
2683,1040293
2684,1075513
2685,1147706
2686,1415248
2687,1590766
2688,899202
2689,953277
2690,948902
2691,941012
2692,963721
2693,964117
2694,983800
2695,973523
2696,994781
2697,961287
2698,946896
2699,918650
2700,983670
2701,994063
2702,957711
2703,984748
2704,969403
2705,1008475
2706,963360
2707,965261
2708,952253
2709,1004126
2710,976602
2711,1081321
2712,1437881
2713,1458734
2714,1402115
2715,966118
2716,1017289
2717,971120
2718,1078904
2719,972073
2720,893764
2721,997756
2722,1007367
2723,1140317
2724,1081166
2725,988952
2726,974746
2727,1014395
2728,999280
2729,958047
2730,953914
2731,957756
2732,1083443
2733,1116691
2734,955800
2735,1109256
2736,1093802
2737,1636956
2738,1497489
2739,935102
2740,968541
2741,976160
2742,981579
2743,1028209
2744,1030146
2745,988531
2746,966560
2747,978659
2748,982471
2749,965752
2750,1061722
2751,1010491
2752,1006794
2753,1133470
2754,974962
2755,999722
2756,1009674
2757,988837
2758,975394
2759,1073315
2760,1007663
2761,1373788
2762,1626220
2763,1593780
2764,1143794
2765,999014
2766,975764
2767,1101155
2768,977018
2769,981463
2770,1033883
2771,995955
2772,1142725
2773,994756
2774,974616
2775,1012012
2776,980028
2777,996677
2778,973617
2779,980088
2780,959617
2781,929801
2782,1128324
2783,977952
2784,1027763
2785,1114764
2786,1601571
2787,1702457
2788,1079214
2789,1041713
2790,937455
2791,932103
2792,897973
2793,914741
2794,913633
2795,1027106
2796,915013
2797,936552
2798,917977
2799,1016697
2800,1017023
2801,1033707
2802,1000896
2803,1010226
2804,1005370
2805,1010286
2806,1001899
2807,1009178
2808,1008651
2809,1065244
2810,1038317
2811,1653494
2812,1637131
2813,998699
2814,994560
2815,1004026
2816,1023560
2817,1003229
2818,1027437
2819,1047075
2820,1032724
2821,1004518
2822,1015945
2823,1007557
2824,1001051
2825,1041192
2826,1009329
2827,1024241
2828,1137834
2829,1047491
2830,1014365
2831,1038222
2832,1019491
2833,1007347
2834,1089899
2835,1178812
2836,1245939
2837,1757511
2838,1455674
2839,1114800
2840,991886
2841,982587
2842,990231
2843,1017876
2844,1019461
2845,1002290
2846,1141280
2847,1005581
2848,1035167
2849,1008872
2850,1005255
2851,995880
2852,999120
2853,1130385
2854,1036943
2855,1036251
2856,1038051
2857,1044196
2858,1033542
2859,1054790
2860,1734967
2861,1535833
2862,977600
2863,1023915
2864,1043439
2865,1025220
2866,1021392
2867,1026433
2868,1021266
2869,1133640
2870,1032333
2871,1049132
2872,1026433
2873,1071800
2874,1031600
2875,1016577
2876,1138255
2877,1073727
2878,1068310
2879,1123859
2880,1053130
2881,1052729
2882,1250986
2883,1481216
2884,1505630
2885,1023048
2886,1040158
2887,1013827
2888,1023966
2889,971165
2890,1008676
2891,1073431
2892,1023780
2893,1031665
2894,1033497
2895,1031745
2896,1032388
2897,976658
2898,991997
2899,1002105
2900,966624
2901,1060018
2902,930574
2903,939341
2904,967859
2905,1036817
2906,1057694
2907,1081788
2908,1805385
2909,1709661
2910,1010603
2911,1023605
2912,1042666
2913,1026700
2914,963098
2915,1043840
2916,1039020
2917,1151889
2918,1045611
2919,1027553
2920,1063263
2921,1065344
2922,1025911
2923,1036732
2924,1024824
2925,1023529
2926,1068419
2927,1111078
2928,1031811
2929,1070150
2930,1109783
2931,1335042
2932,1700195
2933,1748602
2934,1069694
2935,1100322
2936,1052945
2937,1055261
2938,1090130
2939,1065515
2940,1037810
2941,1080012
2942,1079550
2943,1064231
2944,1076957
2945,1067692
2946,1085911
2947,1074249
2948,1075824
2949,1114479
2950,1051886
2951,1067872
2952,1051369
2953,1064076
2954,1053752
2955,1160372
2956,1541587
2957,1511239
2958,1112623
2959,1097483
2960,1093816
2961,1058433
2962,1069694
2963,1056451
2964,1056747
2965,1198410
2966,1113540
2967,1065495
2968,1215812
2969,1125223
2970,1061708
2971,1122810
2972,1136275
2973,1323902
2974,1263215
2975,1086674
2976,1120980
2977,1117232
2978,1083147
2979,1069087
2980,1521768
2981,1824000
2982,1337188
2983,1075389
2984,1032497
2985,1171348
2986,949048
2987,1111449
2988,1112593
2989,1065675
2990,1072538
2991,1108535
2992,1209221
2993,1090636
2994,1068966
2995,1094153
2996,1126603
2997,1122434
2998,1092849
2999,973989
3000,1099973
3001,1337034
3002,1878026
3003,1550556
3004,1090045
3005,1072061
3006,1108188
3007,1066292
3008,1254537
3009,1094158
3010,1085088
3011,1151047
3012,1103815
3013,1076350
3014,1135271
3015,1093796
3016,1094484
3017,1069202
3018,1111218
3019,1093225
3020,1090792
3021,1126337
3022,1004357
3023,1154293
3024,1086994
3025,1394921
3026,1778278
3027,1359863
3028,1277260
3029,1127471
3030,1128750
3031,1214337
3032,1147400
3033,1086407
3034,1163788
3035,1096666
3036,1113239
3037,1148228
3038,1117283
3039,1145022
3040,1090110
3041,1082892
3042,1094163
3043,1118772
3044,1039767
3045,1122620
3046,1337340
3047,1217397
3048,1673689
3049,2071608
3050,1424984
3051,1107682
3052,1152211
3053,1093145
3054,1121210
3055,1085188
3056,1085274
3057,1073240
3058,978232
3059,1154297
3060,1114710
3061,1103388
3062,1113736
3063,1095382
3064,1130640
3065,1124601
3066,1090536
3067,1134538
3068,1114880
3069,1134669
3070,1147867
3071,1434108
3072,1825837
3073,1799446
3074,1019064
3075,1155502
3076,1129824
3077,1097248
3078,1093155
3079,1131263
3080,1114353
3081,1140032
3082,1136550
3083,1139013
3084,1096260
3085,1150044
3086,1139269
3087,1103859
3088,1101055
3089,1150807
3090,1244309
3091,1217613
3092,1064883
3093,1061502
3094,1245668
3095,1231904
3096,1641113
3097,2228415
3098,1160863
3099,1257562
3100,1114589
3101,1103147
3102,1101110
3103,1260431
3104,1192271
3105,1109026
3106,1129106
3107,1109507
3108,1153871
3109,1130410
3110,1141877
3111,1147681
3112,1130837
3113,1124099
3114,1115342
3115,1107456
3116,1232787
3117,1266471
3118,1639248
3119,1585419
3120,1533375
3121,1209521
3122,1114679
3123,1109838
3124,1118973
3125,1131078
3126,1112794
3127,1028079
3128,1096696
3129,1074263
3130,1016151
3131,1074489
3132,1131951
3133,1137884
3134,1160217
3135,1103272
3136,1161205
3137,1106202
3138,1172983
3139,1157297
3140,1594930
3141,1810131
3142,1607148
3143,1138647
3144,1122976
3145,1114418
3146,1192858
3147,1194979
3148,1165233
3149,1111353
3150,1137408
3151,1106768
3152,1109417
3153,1121201
3154,1126532
3155,1139851
3156,1109001
3157,1195069
3158,1071599
3159,1127225
3160,1127456
3161,1177032
3162,1255440
3163,2001415
3164,1860650
3165,1116736
3166,1089603
3167,1130485
3168,1122595
3169,1141822
3170,1111724
3171,1127310
3172,1114559
3173,1148976
3174,1111559
3175,1221550
3176,1034284
3177,1152456
3178,1141812
3179,1139696
3180,1132045
3181,1151479
3182,1129813
3183,1215731
3184,1210233
3185,1542043
3186,1897384
3187,1508544
3188,1119570
3189,1158135
3190,1148770
3191,1141365
3192,1120553
3193,1056771
3194,1113385
3195,1303476
3196,1135205
3197,1123437
3198,1135707
3199,1181641
3200,1135437
3201,1012062
3202,1135642
3203,1135883
3204,1122589
3205,1159204
3206,1166522
3207,1252847
3208,1265257
3209,1981446
3210,1859832
3211,1162359
3212,1109808
3213,1123789
3214,1143463
3215,1144300
3216,1146136
3217,1128580
3218,1139334
3219,1128881
3220,1139334
3221,1130174
3222,1075186
3223,1075713
3224,1306164
3225,1138321
3226,1144592
3227,1149643
3228,1144576
3229,1123252
3230,1125073
3231,1946257
3232,1923698
3233,1491394
3234,1228734
3235,1070000
3236,1041272
3237,1047657
3238,1156369
3239,1166056
3240,1159840
3241,1181491
3242,1156886
3243,1168343
3244,1192852
3245,1159951
3246,1192466
3247,1174733
3248,1178365
3249,1177453
3250,1164566
3251,1187505
3252,1266526
3253,1205288
3254,1709295
3255,1679122
3256,1170655
3257,1198721
3258,1204887
3259,1161742
3260,1272240
3261,1169607
3262,1194372
3263,1171724
3264,1193730
3265,1353969
3266,1307032
3267,1227569
3268,1160739
3269,1187836
3270,1201425
3271,1188147
3272,1212726
3273,1178190
3274,1611282
3275,1750457
3276,1524195
3277,1182930
3278,1211573
3279,1237928
3280,1200000
3281,1186331
3282,1309309
3283,1170153
3284,1207830
3285,1213173
3286,1219855
3287,1183818
3288,1226381
3289,1175100
3290,1248719
3291,1312123
3292,1342297
3293,1123678
3294,1123547
3295,1195541
3296,2006888
3297,1966472
3298,1193209
3299,1206331
3300,1194849
3301,1200241
3302,1220647
3303,1181526
3304,1341995
3305,1196986
3306,1195721
3307,1179694
3308,1221225
3309,1269019
3310,1349419
3311,1229276
3312,1353076
3313,1223903
3314,1316974
3315,1317310
3316,1214873
3317,2020472
3318,1698058
3319,1230659
3320,1221892
3321,1219188
3322,1224575
3323,1188663
3324,1207635
3325,1195275
3326,1199479
3327,1219578
3328,1254587
3329,1226005
3330,1204585
3331,1305176
3332,1192110
3333,1214879
3334,1389033
3335,1293423
3336,1247766
3337,1694446
3338,1944406
3339,1446925
3340,1238064
3341,1225694
3342,1219945
3343,1213258
3344,1270042
3345,1193193
3346,1220070
3347,1211955
3348,1207631
3349,1367768
3350,1205438
3351,1210921
3352,1194197
3353,1222473
3354,1199288
3355,1200783
3356,1315720
3357,1200747
3358,1520523
3359,1989266
3360,1484783
3361,1212395
3362,1223301
3363,1374385
3364,1239890
3365,1340495
3366,1256739
3367,1205548
3368,1221515
3369,1202725
3370,1251904
3371,1213429
3372,1227283
3373,1202779
3374,1217853
3375,1202052
3376,1218314
3377,1328873
3378,1282207
3379,1264078
3380,2115123
3381,1901989
3382,1217618
3383,1249982
3384,1350964
3385,1244916
3386,1209230
3387,1209852
3388,1243938
3389,1221740
3390,1197322
3391,1220141
3392,1254778
3393,1232210
3394,1255756
3395,1216218
3396,1387266
3397,1241234
3398,1225709
3399,1391330
3400,1277727
3401,1453887
3402,2064129
3403,1734085
3404,1414480
3405,1265568
3406,1235274
3407,1233469
3408,1214588
3409,1247550
3410,1216890
3411,1227404
3412,1251973
3413,1265833
3414,1257752
3415,1249406
3416,1209427
3417,1233730
3418,1241048
3419,1245739
3420,1313453
3421,1282743
3422,1214789
3423,1776286
3424,1847416
3425,1431605
3426,1289079
3427,1234196
3428,1249957
3429,1222288
3430,1366129
3431,1286290
3432,1304785
3433,1252395
3434,1238314
3435,1240316
3436,1348165
3437,1260576
3438,1248578
3439,1233935
3440,1242733
3441,1269370
3442,1376537
3443,1245904
3444,1755058
3445,2061626
3446,1264073
3447,1286295
3448,1275957
3449,1360581
3450,1238511
3451,1262688
3452,1260913
3453,1373267
3454,1258901
3455,1269049
3456,1424924
3457,1401072
3458,1243015
3459,1260310
3460,1243943
3461,1485601
3462,1354611
3463,1264710
3464,2490760
3465,2146506
3466,1279122
3467,1209180
3468,1234949
3469,1262156
3470,1253754
3471,1254471
3472,1334922
3473,1241741
3474,1232943
3475,1262583
3476,1262894
3477,1257070
3478,1336146
3479,1241058
3480,1384894
3481,1250931
3482,1372042
3483,1393111
3484,1183908
3485,2020727
3486,2123119
3487,1231221
3488,1128765
3489,1150616
3490,1131966
3491,1104075
3492,1327995
3493,1145032
3494,1143061
3495,1397730
3496,1245904
3497,1154016
3498,1231161
3499,1239282
3500,1290759
3501,1203512
3502,1243818
3503,1280797
3504,1289294
3505,1506633
3506,2098660
3507,1589427
3508,1325863
3509,1268522
3510,1268959
3511,2040065
3512,1282458
3513,1317345
3514,1258570
3515,1253027
3516,1271978
3517,1294888
3518,1263551
3519,1345497
3520,1367723
3521,1261249
3522,1267238
3523,1247163
3524,1258108
3525,1336889
3526,2085292
3527,1932889
3528,1459937
3529,1272645
3530,1273198
3531,1257461
3532,1295239
3533,1279036
3534,1296849
3535,1263431
3536,1346650
3537,1300320
3538,1284073
3539,1311903
3540,1262894
3541,1265151
3542,1259398
3543,1295294
3544,1306731
3545,1274020
3546,1299433
3547,1304986
3548,1887723
3549,1672400
3550,1209281
3551,1313147
3552,1281138
3553,1324158
3554,1278981
3555,1314993
3556,1284610
3557,1274783
3558,1265492
3559,1265658
3560,1278369
3561,1272671
3562,1267724
3563,1427081
3564,1356899
3565,1274311
3566,1384920
3567,1436421
3568,1328536
3569,2233206
3570,2052335
3571,1327418
3572,1171804
3573,1142489
3574,1159765
3575,1142524
3576,1166788
3577,1205428
3578,1144847
3579,1182428
3580,1226070
3581,1421909
3582,1329535
3583,1303485
3584,1296688
3585,1305126
3586,1304188
3587,1371602
3588,1167937
3589,1822581
3590,1842746
3591,1760570
3592,1270518
3593,1293624
3594,1276494
3595,1285478
3596,1298725
3597,1301103
3598,1312103
3599,1280962
3600,1290975
3601,1232475
3602,1156529
3603,1173344
3604,1298103
3605,1346460
3606,1285698
3607,1282673
3608,1290890
3609,1311285
3610,1268672
3611,1680226
3612,2102267
3613,1628924
3614,1335148
3615,1303360
3616,1306541
3617,1285066
3618,1305216
3619,1286506
3620,1216093
3621,1170926
3622,1261666
3623,1351938
3624,1296694
3625,1324824
3626,1327854
3627,1307162
3628,1381202
3629,1305110
3630,1285863
3631,1336623
3632,1911219
3633,2159101
3634,1365336
3635,1311211
3636,1316964
3637,1349981
3638,1461040
3639,1299744
3640,1325632
3641,1478999
3642,1302652
3643,1337847
3644,1298224
3645,1309977
3646,1310268
3647,1322091
3648,1296187
3649,1457785
3650,1472086
3651,1488244
3652,1616243
3653,2211982
3654,1422376
3655,1352875
3656,1302974
3657,1336201
3658,1306426
3659,1323836
3660,1303044
3661,1481938
3662,1339156
3663,1325342
3664,1325692
3665,1302928
3666,1342793
3667,1357265
3668,1385355
3669,1308888
3670,1319753
3671,1399436
3672,1412002
3673,2237289
3674,1581105
3675,1242799
3676,1177779
3677,1177317
3678,1328757
3679,1338003
3680,1319974
3681,1324573
3682,1491851
3683,1270058
3684,1470120
3685,1412353
3686,1344884
3687,1373572
3688,1311271
3689,1324409
3690,1297296
3691,1463082
3692,1469719
3693,2229348
3694,2158860
3695,1400820
3696,1333934
3697,1501687
3698,1321509
3699,1326023
3700,1319809
3701,1466649
3702,1384985
3703,1330293
3704,1353587
3705,1317080
3706,1265237
3707,1436732
3708,1347318
3709,1344689
3710,1408250
3711,1490055
3712,2284101
3713,1853466
3714,1428044
3715,1324739
3716,1323069
3717,1323606
3718,1298971
3719,1328747
3720,1175908
3721,1259563
3722,1304027
3723,1325632
3724,1375639
3725,1326305
3726,1314788
3727,1301183
3728,1312810
3729,1324889
3730,1413682
3731,1971714
3732,2227989
3733,1344132
3734,1217904
3735,1276082
3736,1497037
3737,1366179
3738,1346791
3739,1369419
3740,1362833
3741,1331702
3742,1355519
3743,1351160
3744,1352549
3745,1321268
3746,1345863
3747,1329505
3748,1339743
3749,1351436
3750,1358408
3751,1356848
3752,2196793
3753,1916676
3754,1379200
3755,1345352
3756,1368135
3757,1337365
3758,1338378
3759,1414741
3760,1346109
3761,1250173
3762,1344709
3763,1351526
3764,1339698
3765,1510250
3766,1359216
3767,1379422
3768,1345612
3769,1401347
3770,1407096
3771,1396678
3772,1395950
3773,2095104
3774,1930672
3775,1224469
3776,1295620
3777,1364498
3778,1364026
3779,1361749
3780,1347041
3781,1359151
3782,1341855
3783,1352103
3784,1363449
3785,1351000
3786,1437063
3787,1387497
3788,1358990
3789,1348842
3790,1421613
3791,1391681
3792,1364328
3793,1245533
3794,2032576
3795,2266649
3796,1355900
3797,1412770
3798,1355695
3799,1510425
3800,1433988
3801,1358835
3802,1377952
3803,1392368
3804,1377827
3805,1254301
3806,1258229
3807,1225578
3808,1233871
3809,1377541
3810,1390167
3811,1440298
3812,1402767
3813,1328065
3814,2399720
3815,1894194
3816,1584807
3817,1298128
3818,1351235
3819,1341734
3820,1323285
3821,1362020
3822,1344744
3823,1376507
3824,1357290
3825,1368993
3826,1358073
3827,1353227
3828,1339848
3829,1301615
3830,1359332
3831,1345526
3832,1407759
3833,1372323
3834,2269854
3835,1983036
3836,1337787
3837,1287303
3838,1362577
3839,1344904
3840,1539549
3841,1388069
3842,1351501
3843,1343997
3844,1349691
3845,1436391
3846,1276684
3847,1550575
3848,1370317
3849,1367442
3850,1368075
3851,1371195
3852,1317501
3853,1295299
3854,2206766
3855,2194757
3856,1354551
3857,1295650
3858,1399687
3859,1546813
3860,1241926
3861,1227535
3862,1395022
3863,1501818
3864,1383364
3865,1357856
3866,1367629
3867,1355479
3868,1371938
3869,1305331
3870,1389504
3871,1355906
3872,1267118
3873,1397154
3874,1977618
3875,2079549
3876,1450667
3877,1309014
3878,1263817
3879,1286927
3880,1549928
3881,1365768
3882,1398112
3883,1359943
3884,1369870
3885,1370473
3886,1357240
3887,1359938
3888,1343806
3889,1374435
3890,1391154
3891,1381805
3892,1367608
3893,1379903
3894,1491173
3895,1549963
3896,2186500
3897,2094301
3898,1449850
3899,1520549
3900,1561411
3901,1372158
3902,1384377
3903,1369420
3904,1330588
3905,1443229
3906,1420786
3907,1537202
3908,1375800
3909,1373226
3910,1468901
3911,1396933
3912,1568077
3913,1568599
3914,1674396
3915,2281432
3916,1913757
3917,1303806
3918,1342632
3919,1406379
3920,1308687
3921,1605544
3922,1377375
3923,1393743
3924,1385481
3925,1405180
3926,1371350
3927,1508485
3928,1408626
3929,1405456
3930,1413081
3931,1399451
3932,1288692
3933,1373708
3934,1553972
3935,1975321
3936,2366503
3937,1348315
3938,1423955
3939,1382527
3940,1275469
3941,1425912
3942,1261630
3943,1377731
3944,1469468
3945,1284469
3946,1371812
3947,1388035
3948,1396391
3949,1386900
3950,1402486
3951,1414691
3952,1388561
3953,1497779
3954,1564340
3955,1905505
3956,2056935
3957,1481472
3958,1414079
3959,1450356
3960,1305498
3961,1277953
3962,1309415
3963,1407156
3964,1576214
3965,1546904
3966,1464407
3967,1407723
3968,1523111
3969,1346535
3970,1318895
3971,1479846
3972,1391395
3973,1514514
3974,2041335
3975,2091587
3976,1478452
3977,1385687
3978,1600533
3979,1452713
3980,1420559
3981,1462150
3982,1563141
3983,1423971
3984,1400169
3985,1541577
3986,1471129
3987,1440740
3988,1407874
3989,1398679
3990,1464166
3991,1446403
3992,1536164
3993,1960784
3994,2391719
3995,1576144
3996,1327910
3997,1360154
3998,1338102
3999,1516927
4000,1600236
4001,1342863
4002,1450501
4003,1438964
4004,1560728
4005,1450752
4006,1409885
4007,1422004
4008,1425706
4009,1533506
4010,1534308
4011,1555702
4012,1593715
4013,2538334
4014,2117852
4015,1426298
4016,1345170
4017,1266029
4018,1422712
4019,1406675
4020,1421778
4021,1598184
4022,1423800
4023,1459601
4024,1415473
4025,1416386
4026,1432598
4027,1447562
4028,1469418
4029,1422942
4030,1340641
4031,1539334
4032,1944992
4033,2095465
4034,1582042
4035,1460404
4036,1440148
4037,1416296
4038,1579339
4039,1498648
4040,1421558
4041,1379517
4042,1445591
4043,1433507
4044,1520849
4045,1543863
4046,1428706
4047,1444708
4048,1432062
4049,1429278
4050,1350092
4051,1583236
4052,2155836
4053,2417833
4054,1455282
4055,1486101
4056,1420539
4057,1300967
4058,1484101
4059,1440655
4060,1612100
4061,1431766
4062,1442957
4063,1469794
4064,1351766
4065,1305989
4066,1493802
4067,1476696
4068,1486232
4069,1485094
4070,1452046
4071,1591398
4072,1937554
4073,2411051
4074,1583055
4075,1560643
4076,1476331
4077,1469764
4078,1524978
4079,1347117
4080,1458873
4081,1483358
4082,1495217
4083,1472177
4084,1480709
4085,1452478
4086,1472959
4087,1468485
4088,1472212
4089,1507541
4090,1514770
4091,2091647
4092,2137045
4093,1440880
4094,1482957
4095,1646295
4096,1547395
4097,1450873
4098,1472187
4099,1458794
4100,1485560
4101,1531113
4102,1475463
4103,1494253
4104,1474986
4105,1493145
4106,1459741
4107,1485474
4108,1425395
4109,1371200
4110,1431921
4111,2501143
4112,2024415
4113,1469182
4114,1572121
4115,1507978
4116,1465902
4117,1462435
4118,1615692
4119,1530290
4120,1466132
4121,1521456
4122,1499359
4123,1467913
4124,1481145
4125,1486192
4126,1501531
4127,1497995
4128,1499460
4129,1526358
4130,2059158
4131,2265826
4132,1462325
4133,1515903
4134,1454535
4135,1480017
4136,1483433
4137,1336517
4138,1491535
4139,1645278
4140,1458201
4141,1486177
4142,1462254
4143,1443635
4144,1488549
4145,1442185
4146,1480815
4147,1481241
4148,1419130
4149,2563239
4150,2061851
4151,1434370
4152,1415187
4153,1675435
4154,1483834
4155,1504933
4156,1522956
4157,1477885
4158,1503894
4159,1537708
4160,1358764
4161,1352184
4162,1332068
4163,1457886
4164,1484185
4165,1477409
4166,1666129
4167,1655425
4168,2355948
4169,2128998
4170,1513049
4171,1503327
4172,1488409
4173,1713794
4174,1546011
4175,1485073
4176,1486534
4177,1685257
4178,1356005
4179,1523096
4180,1517529
4181,1509517
4182,1507391
4183,1491343
4184,1526663
4185,1650955
4186,1664630
4187,2249619
4188,1854781
4189,1503694
4190,1526201
4191,1496255
4192,1535286
4193,1539118
4194,1496741
4195,1508178
4196,1571403
4197,1524887
4198,1520082
4199,1500764
4200,1555893
4201,1501010
4202,1549156
4203,1699091
4204,1971594
4205,2203630
4206,1461688
4207,1448410
4208,1514915
4209,1511409
4210,1499831
4211,1522680
4212,1504743
4213,1523383
4214,1532020
4215,1534137
4216,1523136
4217,1715675
4218,1509769
4219,1552833
4220,1500588
4221,1563703
4222,1676242
4223,1920117
4224,2486833
4225,1625257
4226,1606537
4227,1698319
4228,1506728
4229,1705046
4230,1534022
4231,1508876
4232,1519821
4233,1503312
4234,1525801
4235,1536621
4236,1510240
4237,1518763
4238,1506599
4239,1519595
4240,1523839
4241,1461904
4242,2244929
4243,2535810
4244,1574699
4245,1535095
4246,1547436
4247,1551168
4248,1548610
4249,1470120
4250,1468223
4251,1514469
4252,1512958
4253,1569401
4254,1545444
4255,1531439
4256,1709395
4257,1532191
4258,1533004
4259,1544611
4260,2161519
4261,2237149
4262,1575737
4263,1541827
4264,1552692
4265,1521466
4266,1533671
4267,1516611
4268,1515718
4269,1718660
4270,1524977
4271,1544250
4272,1594669
4273,1539680
4274,1534438
4275,1524085
4276,1560387
4277,1566758
4278,1545328
4279,2003442
4280,2532240
4281,1882425
4282,1601551
4283,1539013
4284,1582258
4285,1547611
4286,1540443
4287,1611408
4288,1530044
4289,1540844
4290,1524842
4291,1525203
4292,1568078
4293,1532457
4294,1538371
4295,1540422
4296,1549186
4297,1576715
4298,2033725
4299,2523135
4300,1698992
4301,1625588
4302,1538547
4303,1702082
4304,1695193
4305,1578757
4306,1544099
4307,1547806
4308,1533510
4309,1529718
4310,1563864
4311,1406163
4312,1392789
4313,1380450
4314,1402536
4315,1558978
4316,1569782
4317,2313079
4318,2398973
4319,1654853
4320,1561526
4321,1558421
4322,1550616
4323,1561286
4324,1558847
4325,1539651
4326,1556029
4327,1555432
4328,1573465
4329,1544035
4330,1557849
4331,1545709
4332,1572040
4333,1635756
4334,1568594
4335,2509706
4336,2004104
4337,1624435
4338,1580823
4339,1557593
4340,1584826
4341,1428385
4342,1412423
4343,1388526
4344,1551042
4345,1567435
4346,1555728
4347,1556484
4348,1545604
4349,1565524
4350,1578912
4351,1545284
4352,1664359
4353,2076794
4354,2600897
4355,1556475
4356,1599233
4357,1700727
4358,1567901
4359,1551132
4360,1613153
4361,1569111
4362,1725889
4363,1512041
4364,1559344
4365,1565017
4366,1772449
4367,1571900
4368,1580934
4369,1590204
4370,1638179
4371,2755402
4372,2162236
4373,1614854
4374,1756753
4375,1557653
4376,1561461
4377,1571899
4378,1569733
4379,1572763
4380,1546683
4381,1566427
4382,1566562
4383,1563487
4384,1572713
4385,1593274
4386,1575105
4387,1711426
4388,1606291
4389,2039774
4390,2588170
4391,1868279
4392,1573174
4393,1563112
4394,1519044
4395,1567520
4396,1582785
4397,1766424
4398,1594999
4399,1564371
4400,1748305
4401,1657532
4402,1592125
4403,1570715
4404,1587124
4405,1692305
4406,1769013
4407,2238051
4408,2304150
4409,1444246
4410,1660286
4411,1620543
4412,1617001
4413,1588759
4414,1594292
4415,1571233
4416,1584886
4417,1768968
4418,1585172
4419,1587581
4420,1583542
4421,1586888
4422,1693247
4423,1672314
4424,1591950
4425,2450239
4426,2303083
4427,1593199
4428,1579033
4429,1597036
4430,1575978
4431,1576986
4432,1593645
4433,1754019
4434,1750036
4435,1631698
4436,1599443
4437,1592441
4438,1603437
4439,1573470
4440,1605940
4441,1459009
4442,1787222
4443,2731890
4444,2317324
4445,1682532
4446,1790603
4447,1778183
4448,1600281
4449,1751060
4450,1816688
4451,1603828
4452,1749494
4453,1754671
4454,1633088
4455,1581436
4456,1596725
4457,1575727
4458,1650123
4459,1787738
4460,2629273
4461,2028317
4462,1635490
4463,1617422
4464,1606296
4465,1600803
4466,1652440
4467,1625900
4468,1696041
4469,1614256
4470,1602805
4471,1612977
4472,1615060
4473,1591594
4474,1594071
4475,1701098
4476,1704052
4477,2273918
4478,2766874
4479,1568213
4480,1634723
4481,1535572
4482,1602764
4483,1773231
4484,1654412
4485,1585650
4486,1606226
4487,1472669
4488,1533074
4489,1588333
4490,1596639
4491,1634784
4492,1804403
4493,1683687
4494,1644469
4495,2700599
4496,2004846
4497,1651181
4498,1586603
4499,1641706
4500,1585499
4501,1426880
4502,1519946
4503,1586602
4504,1582474
4505,1597894
4506,1581586
4507,1609918
4508,1562122
4509,1579715
4510,1728497
4511,1802978
4512,2507028
4513,2592945
4514,1430843
4515,1501456
4516,1775715
4517,1606492
4518,1604415
4519,1585428
4520,1690152
4521,1589713
4522,1549778
4523,1599082
4524,1459862
4525,1693292
4526,1622854
4527,1638084
4528,1810211
4529,2547238
4530,2109074
4531,1582122
4532,1449553
4533,1468620
4534,1439812
4535,1444347
4536,1468705
4537,1513069
4538,1621962
4539,1646642
4540,1596840
4541,1623477
4542,1800394
4543,1607655
4544,1505816
4545,1800013
4546,1688246
4547,2821351
4548,1859897
4549,1560378
4550,1844798
4551,1654371
4552,1627966
4553,1633067
4554,1643181
4555,1623457
4556,1644345
4557,1654893
4558,1623918
4559,1648137
4560,1626426
4561,1640411
4562,1698284
4563,1675370
4564,2730631
4565,1923874
4566,1560709
4567,1467827
4568,1464973
4569,1469162
4570,1500765
4571,1650384
4572,1639158
4573,1627113
4574,1635801
4575,1636624
4576,1670790
4577,1640797
4578,1634523
4579,1643547
4580,1620487
4581,1730317
4582,1908695
4583,2404074
4584,1830301
4585,1572195
4586,1518983
4587,1463429
4588,1541160
4589,1812885
4590,1546427
4591,1624997
4592,1724640
4593,1620146
4594,1637547
4595,1611247
4596,1613339
4597,1727740
4598,1604008
4599,1745276
4600,1820439
4601,2481941
4602,2179773
4603,1584375
4604,1498939
4605,1532427
4606,1632110
4607,1617191
4608,1646632
4609,1675249
4610,1627776
4611,1674627
4612,1580884
4613,1518015
4614,1657306
4615,1702668
4616,1707679
4617,1807864
4618,1830753
4619,2481409
4620,1886995
4621,1688251
4622,1656820
4623,1673444
4624,1641571
4625,1648031
4626,1795228
4627,1674120
4628,1665919
4629,1664094
4630,1653193
4631,1659262
4632,1680371
4633,1655500
4634,1754862
4635,1920232
4636,1969056
4637,2450920
4638,1812915
4639,1536234
4640,1469800
4641,1476531
4642,1648011
4643,1633745
4644,1640346
4645,1643396
4646,1632170
4647,1547742
4648,1641360
4649,1644429
4650,1639272
4651,1649095
4652,1633825
4653,1801052
4654,2283955
4655,2774087
4656,1641079
4657,1640211
4658,1769946
4659,1701866
4660,1805807
4661,1657181
4662,1652310
4663,1624696
4664,1522023
4665,1484206
4666,1499726
4667,1482536
4668,1493360
4669,1513485
4670,1642608
4671,1734320
4672,1848591
4673,2795407
4674,2271409
4675,1654467
4676,1602950
4677,1669400
4678,1647389
4679,1716162
4680,1648216
4681,1647705
4682,1774702
4683,1724559
4684,1651021
4685,1565529
4686,1657923
4687,1535727
4688,1756849
4689,1931358
4690,2723428
4691,1799060
4692,1671297
4693,1818278
4694,1819938
4695,1689090
4696,1597031
4697,1669195
4698,1558972
4699,1685814
4700,1694638
4701,1653890
4702,1661610
4703,1669611
4704,1723902
4705,1849935
4706,2545041
4707,2515560
4708,1934463
4709,1657040
4710,1597683
4711,1811275
4712,1859185
4713,1726761
4714,1657923
4715,1826825
4716,1764097
4717,1858598
4718,1590485
4719,1641560
4720,1884276
4721,2661784
4722,2656111
4723,1702001
4724,1651081
4725,1679995
4726,1858302
4727,1695916
4728,1685097
4729,1688814
4730,1664318
4731,1625683
4732,1695319
4733,1882355
4734,1678485
4735,1687971
4736,1804051
4737,1751365
4738,2689092
4739,2623304
4740,1743124
4741,1690468
4742,1671698
4743,1719658
4744,1793091
4745,1775068
4746,1689335
4747,1658434
4748,1510225
4749,1522324
4750,1672395
4751,1703506
4752,1710598
4753,1877675
4754,1767313
4755,2484440
4756,2057843
4757,1860745
4758,1624831
4759,1582605
4760,1668472
4761,1685261
4762,1673032
4763,1672405
4764,1630028
4765,1688949
4766,1585152
4767,1681208
4768,1682643
4769,1673589
4770,1804608
4771,1868741
4772,2667863
4773,2228060
4774,1663627
4775,1700632
4776,1573901
4777,1523303
4778,1612356
4779,1694989
4780,1587124
4781,1685061
4782,1708517
4783,1777410
4784,1713924
4785,1717812
4786,1745853
4787,1724915
4788,2589003
4789,2054106
4790,1793276
4791,1750282
4792,1722733
4793,1712475
4794,1715128
4795,1720265
4796,1714497
4797,1733428
4798,1892603
4799,1742222
4800,1718816
4801,1729655
4802,1720205
4803,1694326
4804,2169434
4805,2810455
4806,1790287
4807,1878452
4808,1737932
4809,1716012
4810,1729259
4811,1751365
4812,1734812
4813,1745627
4814,1739382
4815,1723019
4816,1731797
4817,1715299
4818,1727027
4819,1682417
4820,1621751
4821,2596005
4822,2649665
4823,1815323
4824,1708592
4825,1672811
4826,1722894
4827,1730047
4828,1790197
4829,1737993
4830,1754612
4831,1737712
4832,1717541
4833,1800133
4834,1933641
4835,1723490
4836,1746851
4837,1782391
4838,3031757
4839,1951359
4840,1772770
4841,1725166
4842,1758152
4843,1751837
4844,1729064
4845,1739783
4846,1741359
4847,1728707
4848,1751828
4849,1726250
4850,1729976
4851,1788752
4852,1754717
4853,1725883
4854,1718524
4855,2355391
4856,2494552
4857,1610074
4858,1751657
4859,1751310
4860,1766746
4861,1735395
4862,1764559
4863,1772479
4864,1792705
4865,1770628
4866,1771852
4867,1726615
4868,1749319
4869,1743225
4870,1870521
4871,1857194
4872,2908517
4873,1952492
4874,1728226
4875,1761534
4876,1735434
4877,1736046
4878,1801107
4879,1770322
4880,1740902
4881,1784528
4882,1784654
4883,1739076
4884,1810778
4885,1784278
4886,1745462
4887,1745095
4888,1778920
4889,2165191
4890,2901023
4891,1821658
4892,1819888
4893,1747764
4894,1762958
4895,1766891
4896,1754947
4897,1738855
4898,1994774
4899,1784889
4900,1749509
4901,1769239
4902,1766996
4903,1747865
4904,1999178
4905,1700561
4906,2944560
4907,1866624
4908,1592521
4909,1729058
4910,1587726
4911,1598852
4912,1732344
4913,1735289
4914,1813507
4915,1714742
4916,1728115
4917,1710910
4918,1903394
4919,1764117
4920,1748491
4921,1964832
4922,2766378
4923,1794787
4924,1771807
4925,1746385
4926,1746063
4927,1744534
4928,1739838
4929,1730749
4930,1722166
4931,1850637
4932,1760876
4933,1741674
4934,1738609
4935,1783626
4936,1934063
4937,2668886
4938,2603505
4939,1774982
4940,1754320
4941,1669270
4942,1789339
4943,1725537
4944,1770784
4945,1760269
4946,1813060
4947,1736833
4948,1806991
4949,1911951
4950,1680577
4951,1753418
4952,1964150
4953,2512611
4954,2581860
4955,1626893
4956,1722523
4957,1885916
4958,1960141
4959,1773091
4960,1753618
4961,1755108
4962,1649340
4963,1864342
4964,1757711
4965,1778489
4966,1942334
4967,1756939
4968,1950225
4969,2651084
4970,2758086
4971,1807989
4972,1765793
4973,1923086
4974,1732088
4975,1951042
4976,1764413
4977,1744473
4978,1742066
4979,1769339
4980,1595024
4981,1693724
4982,1767925
4983,1644635
4984,1713524
4985,1962971
4986,2679300
4987,2450881
4988,1823720
4989,1812870
4990,1754114
4991,1678806
4992,1599363
4993,1605037
4994,1745176
4995,1759131
4996,1958903
4997,1680562
4998,1783149
4999,1779938
